Schedule_ID,DZ_mm,W,H,Err_mean_mm,Err_P1P2_mm,Err_P3P4_mm,Err_P5P6_mm,Err_P7P8_mm
202511201026498851,1849.0,-10,-10,48.51331425000001,64.7097828,57.813429799999994,34.69630319999999,36.833741200000034
202511201026498851,1849.0,-10,-5,41.86046494999999,63.69649419999996,56.91238099999996,21.03074220000001,25.802242400000022
202511201026498851,1849.0,-10,0,33.51443835,59.662135599999985,52.744031799999995,10.431566599999996,11.220019400000023
202511201026498851,1849.0,-10,5,27.655102,56.554729599999995,49.640581399999995,3.527289800000017,0.8978071999999884
202511201026498851,1849.0,-10,10,31.29780975,53.22029179999997,46.15903640000001,12.724480600000016,13.087430199999995
202511201026498851,1849.0,-5,-10,40.58990230000001,52.10357500000002,45.19113960000002,30.996368800000006,34.068525799999996
202511201026498851,1849.0,-5,-5,32.9948053,49.188629799999966,42.404490800000005,17.019095600000036,23.367004999999995
202511201026498851,1849.0,-5,0,24.872900650000012,45.57198800000003,38.632927,5.966444000000024,9.320243600000003
202511201026498851,1849.0,-5,5,21.649876200000005,42.27040399999999,35.39132380000005,8.239685000000009,0.6980919999999742
202511201026498851,1849.0,-5,10,25.524980150000005,38.504509600000006,31.444333800000003,17.172951000000012,14.978126199999997
202511201026498851,1849.0,0,-10,33.35865025,41.00275960000001,34.17555339999999,28.4286118,29.827676199999996
202511201026498851,1849.0,0,-5,25.53083984999999,37.44686019999997,30.680365200000004,14.311219599999982,19.684914400000004
202511201026498851,1849.0,0,0,18.00391744999998,35.04502339999999,28.08661639999998,3.4971199999999727,5.386909999999989
202511201026498851,1849.0,0,5,17.835422549999997,31.467774200000008,24.507688799999983,10.096806399999991,5.269420800000011
202511201026498851,1849.0,0,10,22.146496600000006,28.675294799999982,21.513841,19.789262000000054,18.607588599999985
202511201026498851,1849.0,5,-10,24.715416550000008,26.797738200000026,19.843035600000007,24.760435199999982,27.460457200000018
202511201026498851,1849.0,5,-5,17.11545020000001,23.860156000000007,17.092227400000002,10.088849400000004,17.420568000000024
202511201026498851,1849.0,5,0,9.438308599999992,20.710687400000005,13.740470399999959,0.4354730000000018,2.8666036000000075
202511201026498851,1849.0,5,5,12.340711900000002,17.274762399999986,10.278364399999987,13.945324200000027,7.864396600000009
202511201026498851,1849.0,5,10,16.4004886,13.845101399999999,6.7873621999999845,24.399976200000015,20.5695146
202511201026498851,1849.0,10,-10,17.840715550000006,15.57593300000001,8.639157999999975,22.856070799999998,24.291700400000035
202511201026498851,1849.0,10,-5,10.904621400000021,14.016921600000023,7.174705000000017,9.270438000000013,13.156421000000027
202511201026498851,1849.0,10,0,3.8659542499999815,9.864769200000001,2.8872867999999925,2.2379931999999823,0.4737677999999505
202511201026498851,1849.0,10,5,8.814806400000004,7.670479999999975,0.6790270000000419,15.519901199999959,11.389817400000037
202511201026498851,1849.0,10,10,14.273398800000006,3.6504370000000335,3.58200760000002,25.328489999999988,24.532660599999986
202511201026498852,1842.0,-10,-10,36.08460624999998,45.21503899999993,43.47025499999995,23.710763000000043,31.942367999999988
202511201026498852,1842.0,-10,-5,28.542570750000046,45.285875800000085,43.54321560000003,8.239237000000026,17.101954600000045
202511201026498852,1842.0,-10,0,24.557593399999995,44.74508380000002,42.733538599999974,8.47632779999999,2.2754233999999998
202511201026498852,1842.0,-10,5,31.46137040000001,45.271212200000036,43.455791,23.264830800000027,13.853647599999977
202511201026498852,1842.0,-10,10,37.604423250000025,44.84550800000011,42.78191799999991,33.64842300000009,29.141843999999992
202511201026498852,1842.0,-5,-10,27.476163500000013,28.183115999999927,26.385132000000112,24.070047000000045,31.266358999999973
202511201026498852,1842.0,-5,-5,20.4024174,27.944050799999967,26.1458576,9.980091399999992,17.53966980000005
202511201026498852,1842.0,-5,0,15.367246249999994,27.569525000000112,25.751702999999907,7.622986999999966,0.5247699999999895
202511201026498852,1842.0,-5,5,22.04244124999999,27.50641760000003,25.68784660000001,21.215745199999947,13.759755599999972
202511201026498852,1842.0,-5,10,29.086015850000003,27.41718920000003,25.5362028,34.01368520000001,29.376986199999966
202511201026498852,1842.0,0,-10,20.093041149999998,13.478779999999961,11.753323599999977,24.494680800000015,30.645380200000044
202511201026498852,1842.0,0,-5,13.15909680000001,14.080017999999972,12.349906800000008,9.249490400000013,16.956972000000043
202511201026498852,1842.0,0,0,8.1190608,12.93938279999993,10.943615199999929,7.672403800000029,0.9208414000001085
202511201026498852,1842.0,0,5,15.187763699999994,13.389796600000045,11.492207999999982,21.51844540000002,14.350604799999928
202511201026498852,1842.0,0,10,21.96206545000006,13.016812400000072,10.834053200000062,33.89357120000009,30.10382500000001
202511201026498852,1842.0,5,-10,15.578224750000004,2.833712000000105,4.60971799999993,24.032866000000013,30.83660299999997
202511201026498852,1842.0,5,-5,8.708658999999965,3.561178799999925,5.338918800000011,9.170188399999962,16.76434999999997
202511201026498852,1842.0,5,0,4.095358950000002,3.5084739999999783,5.305294999999887,6.834906800000044,0.7327600000000984
202511201026498852,1842.0,5,5,11.377673749999984,3.7394819999999527,5.660980000000109,22.29077099999995,13.81946199999993
202511201026498852,1842.0,5,10,18.3276965,3.412405000000035,5.237123000000111,33.61183099999994,31.049426999999923
202511201026498852,1842.0,10,-10,23.045680249999972,17.83185299999991,19.673052000000094,23.945709999999963,30.73210599999993
202511201026498852,1842.0,10,-5,15.646545749999916,17.591674999999896,19.267646999999897,8.894154999999955,16.832705999999916
202511201026498852,1842.0,10,0,11.944257450000038,18.085698200000067,20.182246000000077,8.382186200000046,1.1268993999999566
202511201026498852,1842.0,10,5,18.388147650000008,17.714853999999924,19.526744000000054,22.901715800000012,13.409276800000043
202511201026498852,1842.0,10,10,26.304290999999967,19.08806480000003,21.953204399999958,34.29488139999994,29.881013399999937
202511201026498853,1856.0,-10,-10,55.5388123,75.08300139999997,79.10232359999998,15.496677999999998,52.47324620000004
202511201026498853,1856.0,-10,-5,54.842895150000004,73.35842340000002,77.42060459999998,31.456913599999986,37.13563900000001
202511201026498853,1856.0,-10,0,55.23449674999997,73.95556499999998,77.95791699999995,47.02728400000001,21.997220999999968
202511201026498853,1856.0,-10,5,55.07495705000001,73.86909739999999,77.87077620000002,62.44008000000001,6.119874600000003
202511201026498853,1856.0,-10,10,59.674781700000004,73.77924140000002,77.8827634,77.85491900000002,9.182202999999982
202511201026498853,1856.0,-5,-10,47.90160840000001,58.97877040000001,62.751323400000025,16.566175999999995,53.31016380000001
202511201026498853,1856.0,-5,-5,47.3841124,59.491860599999995,63.543298999999976,29.930361400000038,36.57092859999998
202511201026498853,1856.0,-5,0,47.7750842,58.69965,62.6057104,47.53839760000001,22.25657879999999
202511201026498853,1856.0,-5,5,46.53129495000001,58.3671286,62.515631400000004,60.309718,4.932701800000041
202511201026498853,1856.0,-5,10,51.94752525,58.26225039999997,62.18748980000002,78.27307679999998,9.067284000000019
202511201026498853,1856.0,0,-10,40.01615624999999,44.0397328,48.19489399999998,16.26080879999995,51.569189400000006
202511201026498853,1856.0,0,-5,39.3000029,43.39725699999999,47.42706999999996,29.991319000000022,36.384365600000024
202511201026498853,1856.0,0,0,39.65063494999999,43.36930359999999,47.47867859999999,47.22000639999999,20.53455119999999
202511201026498853,1856.0,0,5,39.33898090000001,43.491346200000024,47.493103800000014,60.99153120000003,5.379942399999981
202511201026498853,1856.0,0,10,44.853026899999996,43.22037719999999,47.43074839999999,77.41229840000001,11.348683600000005
202511201026498853,1856.0,5,-10,32.76427255,28.756588799999985,32.65268499999998,17.28382140000001,52.363995000000045
202511201026498853,1856.0,5,-5,31.999949300000008,28.54500299999995,32.55599620000005,30.34183900000005,36.556959000000006
202511201026498853,1856.0,5,0,32.007537449999994,27.613307799999962,31.625892600000043,47.871939999999974,20.919009400000007
202511201026498853,1856.0,5,5,31.1875223,27.271595000000048,31.37086099999999,60.96243900000002,5.145194199999946
202511201026498853,1856.0,5,10,36.9757527,27.462642000000006,31.46627179999996,79.01170720000002,9.962389800000006
202511201026498853,1856.0,10,-10,24.558733000000014,13.351856999999995,17.457994999999983,16.267184000000043,51.15789600000005
202511201026498853,1856.0,10,-5,23.869658799999982,12.38378359999999,16.374513599999954,30.376910599999974,36.34342740000002
202511201026498853,1856.0,10,0,23.485110400000014,11.31927480000004,15.370937200000004,47.20147300000001,20.0487566
202511201026498853,1856.0,10,5,23.98500695000002,12.314867400000002,16.28152100000002,61.69180300000003,5.6518364000000245
202511201026498853,1856.0,10,10,29.400167400000004,12.145528800000012,16.30606399999997,78.43171720000002,10.71735960000001
202511201026498854,1804.0,-10,-10,29.44612605000001,44.29383500000004,46.850380199999975,0.9271474000000126,25.713141600000018
202511201026498854,1804.0,-10,-5,29.231231949999994,44.00283880000002,46.72910039999997,14.075478999999996,12.117509599999995
202511201026498854,1804.0,-10,0,31.940801500000003,44.63914420000001,47.13605360000001,29.98716300000001,6.000845199999981
202511201026498854,1804.0,-10,5,39.23958135000001,44.86533480000003,47.482396000000016,44.37172499999999,20.238869599999997
202511201026498854,1804.0,-10,10,47.44575145000001,44.38348760000004,46.86118960000003,61.520978200000016,37.01735039999996
202511201026498854,1804.0,-5,-10,22.676912950000013,30.904992200000017,33.32179520000004,1.3197471999999835,25.161117200000014
202511201026498854,1804.0,-5,-5,22.004623900000002,30.109583199999996,32.59024360000003,13.282062799999995,12.036605999999983
202511201026498854,1804.0,-5,0,24.497472800000004,29.646918600000028,32.164262999999984,30.464663399999996,5.714046200000007
202511201026498854,1804.0,-5,5,31.025617299999976,28.877126199999974,31.60671439999992,44.28985799999998,19.32877060000003
202511201026498854,1804.0,-5,10,40.243606500000006,29.85547620000002,32.30042179999996,61.764246200000024,37.05428180000001
202511201026498854,1804.0,0,-10,13.553200599999986,12.78414899999998,15.24485999999997,0.5906983999999966,25.593094999999995
202511201026498854,1804.0,0,-5,13.308629150000002,13.633878800000048,16.29930779999995,12.859082599999988,10.442247400000019
202511201026498854,1804.0,0,0,16.358429799999993,13.295398000000024,15.68386459999997,30.187197400000013,6.267259199999967
202511201026498854,1804.0,0,5,23.378669500000008,12.882853599999999,15.565401800000018,44.46475939999998,20.60166320000003
202511201026498854,1804.0,0,10,31.739667599999997,12.710201600000026,15.120534599999974,61.77382459999999,37.354109599999994
202511201026498854,1804.0,5,-10,7.0906300500000325,0.6374884000000293,1.7237370000000738,0.943852599999991,25.057442200000036
202511201026498854,1804.0,5,-5,6.737104099999999,1.1081373999999868,1.468802800000003,13.002722799999992,11.368753400000013
202511201026498854,1804.0,5,0,9.751055050000002,0.6324903999999606,1.7063642000000072,30.009824000000002,6.655541600000038
202511201026498854,1804.0,5,5,16.70026114999998,1.9141371999999592,0.7903189999999085,43.65221900000002,20.44436940000005
202511201026498854,1804.0,5,10,25.4971314,2.0087533999999776,0.328736200000003,60.72170780000001,38.92932820000001
202511201026498854,1804.0,10,-10,15.209843499999995,18.177806799999964,15.668932200000018,1.6632998000000043,25.329335199999992
202511201026498854,1804.0,10,-5,14.13530065,18.084458399999995,15.450407999999971,12.361441200000012,10.64489500000002
202511201026498854,1804.0,10,0,17.560511699999996,18.544323199999962,16.043695799999977,29.890668000000026,5.763359800000012
202511201026498854,1804.0,10,5,24.570778100000005,18.270090200000006,15.645089400000007,43.47699419999999,20.890938600000027
202511201026498854,1804.0,10,10,32.960045499999964,17.96876939999993,15.553925999999956,60.672161,37.64532559999998
202511201026498856,1778.0,-10,-10,34.210510049999996,36.12071859999999,32.560609,39.407200999999986,28.753511600000024
202511201026498856,1778.0,-10,-5,25.543790549999972,36.44736479999999,32.76109199999996,21.40824639999996,11.55845899999997
202511201026498856,1778.0,-10,0,20.530901699999994,37.49025379999996,33.916471800000025,8.08313760000001,2.63374359999998
202511201026498856,1778.0,-10,5,25.181121949999977,37.32840580000002,33.60769659999996,9.988881799999945,19.79950359999998
202511201026498856,1778.0,-10,10,32.201786350000006,37.53112539999999,33.94206619999998,23.883482800000046,33.450471000000014
202511201026498856,1778.0,-5,-10,25.540397400000018,18.893615200000045,15.313814199999978,38.604784400000014,29.34937580000003
202511201026498856,1778.0,-5,-5,16.838919750000002,19.19132300000001,15.453478800000017,21.219131999999945,11.491745200000036
202511201026498856,1778.0,-5,0,10.607129599999984,18.698859000000017,15.12726859999998,6.881531599999971,1.7208591999999725
202511201026498856,1778.0,-5,5,16.18876450000002,19.211288999999965,15.473105000000032,10.11198800000011,19.95867599999997
202511201026498856,1778.0,-5,10,22.881268549999977,18.754537599999985,15.148364399999968,23.49241699999998,34.12975519999998
202511201026498856,1778.0,0,-10,19.066581649999996,6.052723199999991,2.466185799999971,38.68851960000002,29.058898
202511201026498856,1778.0,0,-5,10.031393000000014,5.696737400000029,1.9486587999999982,20.992878800000017,11.487297000000014
202511201026498856,1778.0,0,0,4.553662250000014,5.905601600000045,2.2883964000000336,7.484472600000027,2.5361783999999488
202511201026498856,1778.0,0,5,9.527577099999997,5.78895600000003,2.027494999999976,10.18499300000003,20.10886439999995
202511201026498856,1778.0,0,10,16.646646750000023,6.191665600000033,2.580899400000021,24.306205000000045,33.507817
202511201026498856,1778.0,5,-10,23.791415849999982,12.042622999999981,15.66469519999996,38.85075679999996,28.607588400000026
202511201026498856,1778.0,5,-5,14.720207900000009,12.013656400000013,15.62865180000001,20.727153,10.51137040000001
202511201026498856,1778.0,5,0,9.330633749999977,12.014661799999953,15.634982400000013,7.184937199999967,2.487953599999969
202511201026498856,1778.0,5,5,14.848321699999985,12.260131000000001,16.007805600000005,11.553858199999969,19.571491999999967
202511201026498856,1778.0,5,10,21.46709525,12.072877999999946,15.703220999999981,24.81428600000004,33.27799600000003
202511201026498856,1778.0,10,-10,24.56413525000002,13.51042700000005,17.300050000000056,38.687141,28.75892299999998
202511201026498856,1778.0,10,-5,15.487523600000037,13.547982000000047,17.17366340000003,20.10977300000002,11.11867600000005
202511201026498856,1778.0,10,0,10.129482700000006,13.5123112,17.29924040000003,7.193423000000029,2.5129561999999623
202511201026498856,1778.0,10,5,15.826688800000017,14.205629000000044,17.955297199999972,11.567506000000094,19.578322999999955
202511201026498856,1778.0,10,10,22.31955225000001,13.761239000000046,17.38721799999996,24.900973000000025,33.22877900000003
202511201026498857,1759.0,-10,-10,31.31015389999998,35.77734919999993,28.96962880000001,21.97732239999998,38.51631520000001
202511201026498857,1759.0,-10,-5,23.007871749999996,34.736994000000095,28.2528769999999,6.30788199999995,22.733734000000027
202511201026498857,1759.0,-10,0,19.878971449999984,34.948462199999994,28.269743999999992,9.421299599999974,6.876379999999972
202511201026498857,1759.0,-10,5,23.91340405000002,34.36263560000007,27.732649800000036,25.387393999999993,8.170936799999982
202511201026498857,1759.0,-10,10,30.334542250000027,34.833488799999984,28.232244400000035,33.68883000000001,24.58360580000008
202511201026498857,1759.0,-5,-10,22.845977849999986,18.972878999999967,12.312583199999972,21.588988200000017,38.50946099999999
202511201026498857,1759.0,-5,-5,14.942033700000014,18.757823000000094,12.245191799999976,5.975283999999965,22.789836000000015
202511201026498857,1759.0,-5,0,11.976627000000015,18.789671800000043,12.127754799999959,9.95157840000004,7.037503000000015
202511201026498857,1759.0,-5,5,16.15581554999999,18.731226600000035,12.079043399999957,25.882087999999975,7.930904199999986
202511201026498857,1759.0,-5,10,22.424511150000036,18.935660800000004,12.29650000000006,33.6253698,24.840514000000077
202511201026498857,1759.0,0,-10,16.67848384999998,3.9769203999999263,2.8586266000000706,21.18848299999995,38.68990539999998
202511201026498857,1759.0,0,-5,8.77581385000001,3.3528768000001037,3.2068843999999443,6.045586000000004,22.497908199999983
202511201026498857,1759.0,0,0,5.894560450000012,3.2800477999999655,3.422247800000014,10.017367800000034,6.858578400000033
202511201026498857,1759.0,0,5,10.190467749999982,2.915130599999975,3.7933321999999405,25.77568879999999,8.277719400000024
202511201026498857,1759.0,0,10,16.330476449999992,3.520268399999941,3.1498826000000464,33.55987099999997,25.091883800000005
202511201026498857,1759.0,5,-10,22.774097399999977,12.366801199999964,19.093588399999952,20.852709200000003,38.78329079999999
202511201026498857,1759.0,5,-5,15.03827720000002,12.569224800000029,19.02529400000003,6.3898656000000305,22.168724399999995
202511201026498857,1759.0,5,0,12.223170450000008,12.451934600000051,19.18819239999998,10.319468600000029,6.9330861999999795
202511201026498857,1759.0,5,5,16.208559999999977,12.227754000000004,18.857340999999906,24.841871999999967,8.907273000000032
202511201026498857,1759.0,5,10,22.59709774999999,12.425549000000046,19.123333,33.81420299999991,25.025306
202511201026498857,1759.0,10,-10,29.94078375000001,26.72711800000002,33.63986399999999,21.11235099999999,38.28380200000004
202511201026498857,1759.0,10,-5,22.5449845,27.66536599999995,34.164367000000084,6.469928999999979,21.88027599999998
202511201026498857,1759.0,10,0,19.82501225000001,27.607662999999995,34.51983100000007,10.410483,6.762071999999989
202511201026498857,1759.0,10,5,24.08298650000006,27.844630000000045,34.50087600000006,25.320576000000077,8.665864000000056
202511201026498857,1759.0,10,10,30.503297299999986,27.979284399999916,34.83913639999996,34.376429999999985,24.81833840000008
202511201026498858,1736.0,-10,-10,39.47217340000002,56.40823020000007,75.38526980000006,11.552568799999971,14.542624799999999
202511201026498858,1736.0,-10,-5,34.429768599999996,55.381786799999965,74.42111120000004,4.748428999999987,3.1677473999999846
202511201026498858,1736.0,-10,0,41.68188629999999,55.56595739999993,74.48321220000003,18.69516220000005,17.983213399999954
202511201026498858,1736.0,-10,5,49.86638215000001,55.24622720000002,74.08926580000006,35.93548159999998,34.19455399999997
202511201026498858,1736.0,-10,10,56.4032931,53.82910240000001,72.65730780000004,50.781421199999954,48.34534099999998
202511201026498858,1736.0,-5,-10,30.189983399999996,38.065468800000005,56.886778999999976,10.971388999999952,14.836296800000037
202511201026498858,1736.0,-5,-5,24.79371835,37.2086104,56.175406199999955,3.5241518000000043,2.266705000000047
202511201026498858,1736.0,-5,0,32.56248630000001,37.37018780000003,56.113034800000015,20.135132999999996,16.631589600000005
202511201026498858,1736.0,-5,5,40.36316775000002,36.79675780000002,55.75140100000003,35.00175140000001,33.90276079999999
202511201026498858,1736.0,-5,10,48.207414050000004,37.39298740000004,56.07800879999995,50.72745859999998,48.63120140000005
202511201026498858,1736.0,0,-10,23.803976849999977,25.396902199999978,44.28994519999996,12.450154199999973,13.078905799999983
202511201026498858,1736.0,0,-5,17.967896350000018,23.356018399999996,42.487307400000056,4.302199400000018,1.7260602000000063
202511201026498858,1736.0,0,0,25.648720199999985,23.276261399999974,42.14451699999995,19.9287642,17.245338200000013
202511201026498858,1736.0,0,5,33.76891055,23.458307600000033,42.49836459999997,35.37935700000003,33.73961299999996
202511201026498858,1736.0,0,10,40.78514595000002,22.481491999999978,41.12869480000008,51.254056800000036,48.27634019999998
202511201026498858,1736.0,5,-10,14.10438449999998,6.15630699999997,24.89980500000001,10.383293999999978,14.97813199999996
202511201026498858,1736.0,5,-5,9.195861949999994,5.741098999999986,24.696855200000027,4.3550072,1.9904863999999634
202511201026498858,1736.0,5,0,16.842483950000002,5.714963400000033,24.39360240000001,20.398939399999996,16.86243059999997
202511201026498858,1736.0,5,5,24.598989549999988,4.942992999999888,23.96933100000001,36.006877200000034,33.47675700000002
202511201026498858,1736.0,5,10,32.46803000000001,5.685305800000014,24.29248080000002,50.9321532,48.96218020000001
202511201026498858,1736.0,10,-10,10.984762099999989,6.630306000000019,12.192923999999948,11.415270399999963,13.700548000000026
202511201026498858,1736.0,10,-5,6.409304099999997,8.222207400000025,10.819764599999962,4.9776803999999855,1.6175640000000158
202511201026498858,1736.0,10,0,14.098365550000006,7.482264199999963,11.254021600000033,19.682651600000007,17.97452480000002
202511201026498858,1736.0,10,5,22.174719800000002,8.368416800000023,10.62182899999998,36.2977758,33.41085760000001
202511201026498858,1736.0,10,10,29.644400250000007,9.061044400000037,9.4896968,51.66531960000002,48.361540199999965
202511201026498859,1725.0,-10,-10,32.0534042,31.237979399999993,29.869297800000005,26.473971399999982,40.632368200000016
202511201026498859,1725.0,-10,-5,23.550163199999965,31.155439799999975,29.97043899999995,11.11842200000001,21.956351999999924
202511201026498859,1725.0,-10,0,18.601901049999974,31.066798800000015,29.675581199999897,4.917281399999979,8.74794280000001
202511201026498859,1725.0,-10,5,22.635183649999988,31.274128399999974,30.06402959999996,20.131784599999992,9.07079200000003
202511201026498859,1725.0,-10,10,30.17733069999999,31.46856340000004,30.196646399999963,36.706229400000026,22.33788359999994
202511201026498859,1725.0,-5,-10,24.44790969999999,16.163146599999983,14.749355999999988,26.37759200000003,40.50154419999994
202511201026498859,1725.0,-5,-5,15.821589750000005,15.73343960000002,14.612848200000007,12.562884999999984,20.377186200000004
202511201026498859,1725.0,-5,0,10.978813000000002,15.713272199999983,14.300725200000034,5.154407399999991,8.746847200000001
202511201026498859,1725.0,-5,5,14.6953957,15.915750399999979,14.389507999999978,20.15978419999999,8.316540200000054
202511201026498859,1725.0,-5,10,22.268965300000012,15.81315380000001,14.343764200000033,36.28403059999996,22.634912600000053
202511201026498859,1725.0,0,-10,16.36514469999998,0.384547799999973,0.7890935999999783,26.385444399999983,37.90149299999998
202511201026498859,1725.0,0,-5,8.685536799999994,0.43878420000005464,1.5451581999999235,11.646533600000044,21.111671199999954
202511201026498859,1725.0,0,0,3.246734599999985,0.13472279999996312,1.1017695999999888,5.364307799999983,6.386138200000005
202511201026498859,1725.0,0,5,7.770911849999988,0.4355953999999656,1.562137199999961,19.535351000000013,9.55056380000001
202511201026498859,1725.0,0,10,15.9120901,0.4773359999999684,1.676722000000018,37.31593500000004,24.178367399999978
202511201026498859,1725.0,5,-10,24.410982550000018,16.186415400000033,17.378816200000074,25.77003540000005,38.30866319999991
202511201026498859,1725.0,5,-5,16.813559100000013,16.788217600000007,17.925239000000012,11.426756000000045,21.114023799999995
202511201026498859,1725.0,5,0,12.048055750000009,17.167937799999983,18.306871000000047,5.969224999999983,6.7481892000000245
202511201026498859,1725.0,5,5,15.41532465000002,15.534992999999986,17.146662200000083,20.588325400000052,8.391317999999956
202511201026498859,1725.0,5,10,23.99056149999999,16.541021399999998,17.907324599999992,37.06347839999999,24.450421599999984
202511201026498859,1725.0,10,-10,30.838573350000008,29.134964799999988,30.362857600000005,25.616575799999985,38.23989520000005
202511201026498859,1725.0,10,-5,22.848583150000014,28.908670200000053,30.13472059999999,11.991834400000016,20.359107399999992
202511201026498859,1725.0,10,0,17.793476899999984,29.057365400000027,30.325608999999986,5.6113705999999635,6.179562599999963
202511201026498859,1725.0,10,5,22.227731749999982,29.0635816,30.298126199999977,19.502444200000014,10.046774999999936
202511201026498859,1725.0,10,10,30.72276069999997,29.755605999999943,31.051725799999947,37.319248000000016,24.764462999999974
202511201026498860,1704.0,-10,-10,74.83078120000002,124.98886880000005,115.1273678,31.29579040000001,27.91109780000004
202511201026498860,1704.0,-10,-5,67.10886275000001,125.19674600000008,115.32981700000002,14.460608999999977,13.448278999999957
202511201026498860,1704.0,-10,0,60.07476775,123.96405000000004,113.6177130000001,1.1705979999999272,1.5467099999999618
202511201026498860,1704.0,-10,5,68.69255915000001,124.56466679999998,114.70490300000006,17.46878479999996,18.031882000000017
202511201026498860,1704.0,-10,10,74.64701335,123.63774740000004,113.13701399999994,29.131212000000005,32.68208000000004
202511201026498860,1704.0,-5,-10,67.05456294999996,109.55897639999993,99.66134959999994,31.634459200000016,27.36346659999999
202511201026498860,1704.0,-5,-5,59.169318649999965,109.4636376,99.56178619999991,14.609337799999981,13.042512999999985
202511201026498860,1704.0,-5,0,53.34260764999998,110.46926920000001,100.03500760000001,1.3482335999999122,1.5179201999999805
202511201026498860,1704.0,-5,5,61.13356695000001,109.4219564,99.37353740000003,17.454515000000036,18.284258999999974
202511201026498860,1704.0,-5,10,68.12916849999999,110.54285699999994,100.00529200000004,28.89287300000001,33.07565199999999
202511201026498860,1704.0,0,-10,58.92125974999997,93.401658,83.47922599999993,31.02616999999998,27.777984999999944
202511201026498860,1704.0,0,-5,51.063961799999994,93.38495439999997,83.47180059999997,13.836165200000028,13.562926999999991
202511201026498860,1704.0,0,0,44.198862000000005,91.99193339999997,81.5852002,1.998375200000055,1.2199391999999762
202511201026498860,1704.0,0,5,52.9354975,92.81652000000008,82.90748299999996,17.865843999999925,18.152143000000024
202511201026498860,1704.0,0,10,58.869669699999996,91.8753067999999,81.34082700000008,29.4491462,32.8133988
202511201026498860,1704.0,5,-10,51.11666794999998,78.0905447999999,68.01413239999997,30.087260400000012,28.274734200000033
202511201026498860,1704.0,5,-5,43.32724289999995,78.12780599999996,68.0382259999999,14.118927999999986,13.024011599999971
202511201026498860,1704.0,5,0,37.61538375000001,78.72069299999998,68.24903300000005,1.8738650000000239,1.6179439999999663
202511201026498860,1704.0,5,5,45.37424625,77.66432600000007,67.57629399999996,17.99038399999995,18.26598100000001
202511201026498860,1704.0,5,10,52.35627694999992,78.76683679999992,68.20999299999994,29.18860799999993,33.259669999999915
202511201026498860,1704.0,10,-10,42.95829259999999,61.72967479999998,51.75003439999996,30.6697856,27.683675600000036
202511201026498860,1704.0,10,-5,35.108878600000004,61.74206499999991,51.76430200000004,13.53376100000003,13.39538640000003
202511201026498860,1704.0,10,0,28.641193400000002,60.61981500000006,50.12230879999997,1.835724399999981,1.9869253999999956
202511201026498860,1704.0,10,5,37.1340174,61.00285300000005,51.03620139999998,18.296270800000002,18.200744399999962
202511201026498860,1704.0,10,10,43.24077300000005,60.41041500000006,49.83511700000008,29.41221900000005,33.305341
202511201026498861,1679.0,-10,-10,67.26664550000001,107.31657880000003,99.09704779999993,31.74988440000004,30.903071000000022
202511201026498861,1679.0,-10,-5,59.54032874999999,107.26137919999992,99.46379620000002,17.96912880000002,13.467010800000002
202511201026498861,1679.0,-10,0,51.69390045,107.07738420000001,98.84406700000004,0.14214779999997512,0.7120028000000047
202511201026498861,1679.0,-10,5,59.63014169999999,107.19296159999995,99.36486679999999,13.483120799999984,18.47961760000003
202511201026498861,1679.0,-10,10,67.29962909999998,106.68929519999998,98.51239939999995,31.50896359999997,32.487858199999984
202511201026498861,1679.0,-5,-10,58.76019925000001,90.43514200000004,82.20841999999993,31.186058000000003,31.21117700000002
202511201026498861,1679.0,-5,-5,50.73438080000004,89.80043580000006,81.99901640000003,17.513306800000056,13.624764200000026
202511201026498861,1679.0,-5,0,43.38227925000001,90.332768,82.08242100000007,0.4324309999999514,0.6814970000000358
202511201026498861,1679.0,-5,5,51.058003399999976,89.9221818,82.06794939999995,13.78671539999998,18.45516699999998
202511201026498861,1679.0,-5,10,59.03116425,90.03408619999996,81.83272300000007,31.588993800000004,32.66885399999997
202511201026498861,1679.0,0,-10,51.2236306,75.4912116,67.2269984,31.3694522,30.806860200000006
202511201026498861,1679.0,0,-5,43.46513439999998,75.38032539999995,67.5435066,17.345443400000022,13.59126219999996
202511201026498861,1679.0,0,0,35.82550054999997,75.11801799999989,66.84777400000007,0.618977199999972,0.7172329999999647
202511201026498861,1679.0,0,5,43.780389,75.26591819999999,67.39697140000003,14.179706600000008,18.278959799999985
202511201026498861,1679.0,0,10,51.520720100000005,74.9217788,66.69535799999998,31.823257400000035,32.642486199999986
202511201026498861,1679.0,5,-10,42.720404499999994,58.48953179999999,50.35211000000004,30.96324739999998,31.076728799999977
202511201026498861,1679.0,5,-5,34.86708615,58.32560640000006,50.46554059999998,17.301734799999963,13.37546279999999
202511201026498861,1679.0,5,0,27.543412249999996,58.43333800000005,50.268260799999965,0.6897991999999931,0.7822509999999738
202511201026498861,1679.0,5,5,35.29601035,58.17419159999999,50.27930540000002,14.169409999999994,18.561134399999993
202511201026498861,1679.0,5,10,43.19119135000001,58.28848579999999,50.028801600000044,31.990677200000004,32.456800799999996
202511201026498861,1679.0,10,-10,35.29837999999998,43.784801000000016,35.591363,30.869076999999947,30.948278999999964
202511201026498861,1679.0,10,-5,27.48339994999999,43.84522399999992,35.95484299999998,17.324107000000026,12.809425800000032
202511201026498861,1679.0,10,0,20.128913349999976,43.51897220000005,35.294768599999905,0.9826491999999689,0.7192633999999771
202511201026498861,1679.0,10,5,28.002165650000016,43.32134200000005,35.418059600000014,14.747875199999976,18.521385800000033
202511201026498861,1679.0,10,10,35.685301499999994,43.07370619999997,34.89375839999998,32.3705066,32.40323480000002
202511201026498862,1665.0,-10,-10,38.434013849999985,48.43995999999997,51.08241839999996,24.640274599999998,29.57340240000001
202511201026498862,1665.0,-10,-5,30.805168650000013,47.8818354,50.303011800000014,9.714268000000038,15.321559400000002
202511201026498862,1665.0,-10,0,26.922717199999983,47.83785559999997,50.46684719999994,7.333302000000026,2.052863999999999
202511201026498862,1665.0,-10,5,33.71505085,46.893585200000004,49.36885379999999,22.548493800000006,16.04927059999998
202511201026498862,1665.0,-10,10,41.89198530000001,48.11684880000003,50.663459999999986,34.2989898,34.488642600000006
202511201026498862,1665.0,-5,-10,29.665828049999988,31.043248799999994,33.6789092,23.949843799999986,29.991310399999975
202511201026498862,1665.0,-5,-5,22.03468250000001,31.049380400000018,33.51557899999998,8.970090400000004,14.603680200000031
202511201026498862,1665.0,-5,0,18.605795999999994,31.093246800000042,33.68493179999996,7.591063399999984,2.0539419999999837
202511201026498862,1665.0,-5,5,26.170399349999997,31.10619059999999,33.532159999999976,22.56311800000001,17.48012880000001
202511201026498862,1665.0,-5,10,33.31028690000001,30.826505399999995,33.3804216,35.09871540000002,33.93550520000001
202511201026498862,1665.0,0,-10,22.20593884999999,16.2452452,18.85190859999998,23.767900399999984,29.958701199999997
202511201026498862,1665.0,0,-5,14.348379649999998,15.819927199999984,18.218867599999975,9.06349899999998,14.291224800000055
202511201026498862,1665.0,0,0,11.211382299999997,16.191991800000004,18.757105599999978,7.541389600000002,2.3550422000000024
202511201026498862,1665.0,0,5,18.472882750000036,15.613544200000069,17.999749600000044,22.691791200000033,17.586446000000002
202511201026498862,1665.0,0,10,25.862003450000014,15.843167200000016,18.362388200000034,35.061480800000005,34.180977600000006
202511201026498862,1665.0,5,-10,14.012155100000006,0.9542516000000433,1.6361583999999312,23.50954200000001,29.94866840000004
202511201026498862,1665.0,5,-5,6.3711412999999935,0.46285860000002677,1.914677599999959,8.727907199999981,14.379121800000007
202511201026498862,1665.0,5,0,3.1784874000000003,0.6316192000000228,1.9073749999999563,7.4578156000000035,2.717139800000018
202511201026498862,1665.0,5,5,10.72728625000003,0.866560600000048,1.5094170000000304,23.15446840000002,17.37869900000003
202511201026498862,1665.0,5,10,17.995631250000024,0.8182560000000194,1.6894416000000547,35.1549888,34.319838600000026
202511201026498862,1665.0,10,-10,20.598719949999982,15.841375999999991,13.23207080000002,23.58620019999996,29.73523279999997
202511201026498862,1665.0,10,-5,12.988752000000016,16.15604820000008,13.792454200000066,7.612989599999969,14.393515999999954
202511201026498862,1665.0,10,0,9.696845749999994,15.625992999999971,13.0784854,7.7237812000000305,2.3591233999999757
202511201026498862,1665.0,10,5,17.72588895,15.971066400000018,13.650776599999972,23.417239800000015,17.864472999999997
202511201026498862,1665.0,10,10,24.44645025000001,15.709446400000024,13.240559800000028,33.80166519999998,35.03412960000001
202511201026498863,1650.0,-10,-10,65.46327670000001,99.87401500000001,95.2711336,30.362763200000018,36.34519499999999
202511201026498863,1650.0,-10,-5,57.946196900000004,100.74695240000003,96.10663779999997,17.277824799999983,17.653372600000033
202511201026498863,1650.0,-10,0,51.26502125,102.09071940000001,97.53760480000001,1.0166573999999855,4.415103399999976
202511201026498863,1650.0,-10,5,56.38797400000001,100.81903100000002,96.18278539999999,14.42307420000002,14.12700540000003
202511201026498863,1650.0,-10,10,64.17636370000001,100.79728019999997,96.16567680000003,32.34878660000004,27.393711200000006
202511201026498863,1650.0,-5,-10,56.835335400000005,82.74644839999999,78.13270300000002,29.54899979999998,36.91319040000003
202511201026498863,1650.0,-5,-5,48.92765915,82.86023159999998,78.2058902,17.49894240000001,17.145572399999992
202511201026498863,1650.0,-5,0,41.62562109999998,81.7167936,77.33346659999998,2.2972329999999603,5.154991199999995
202511201026498863,1650.0,-5,5,47.20254294999999,82.31154,77.68572199999998,14.880621799999972,13.932287999999971
202511201026498863,1650.0,-5,10,55.05342525000001,82.41715020000001,77.76124119999997,33.140916400000016,26.894393200000014
202511201026498863,1650.0,0,-10,49.5961087,68.36561579999997,63.77934659999998,29.569812800000022,36.669659600000024
202511201026498863,1650.0,0,-5,41.9557544,69.0125366,64.3672838,17.146754399999985,17.2964428
202511201026498863,1650.0,0,0,34.99553245,68.8584206,64.22203039999997,1.971596999999997,4.930081800000016
202511201026498863,1650.0,0,5,40.3536639,68.35132939999998,63.8264042,15.746820599999978,13.490101400000025
202511201026498863,1650.0,0,10,48.231477000000005,68.6482684,63.990611000000015,32.57602999999999,27.710998600000018
202511201026498863,1650.0,5,-10,41.1094865,51.54477280000001,46.90414040000003,30.633446600000003,35.35558619999997
202511201026498863,1650.0,5,-5,32.53677875000001,50.28469600000001,45.662554399999976,16.89128560000004,17.30857900000003
202511201026498863,1650.0,5,0,26.068220899999982,51.21849479999999,46.56775759999998,1.8944395999999641,4.592191600000001
202511201026498863,1650.0,5,5,31.667566650000005,51.002231800000004,46.333636,14.369082000000002,14.965316800000005
202511201026498863,1650.0,5,10,39.42303865,50.93154280000001,46.2698128,32.95959039999995,27.531208600000035
202511201026498863,1650.0,10,-10,33.49872275,36.40772419999998,31.782261199999994,29.923925800000006,35.88097980000002
202511201026498863,1650.0,10,-5,25.848481600000003,37.02153879999999,32.37890460000001,16.218445799999973,17.775037200000043
202511201026498863,1650.0,10,0,18.944479149999996,36.7444058,32.120602599999984,2.2202444000000012,4.692663799999991
202511201026498863,1650.0,10,5,24.791886650000016,37.16473780000001,32.50826380000003,15.427103399999988,14.067441600000029
202511201026498863,1650.0,10,10,32.523092199999994,37.04177519999998,32.3841422,33.68012120000001,26.986330199999976
202511270905601472,3800.0,-10,-10,29.800480900000007,32.52556239999999,57.01137020000001,11.173583000000033,18.491408
202511270905601472,3800.0,-10,-5,24.106067199999995,32.19117140000003,56.88611059999998,0.38774299999997763,6.9592437999999905
202511270905601472,3800.0,-10,0,26.92588509999998,32.39342059999994,56.828005799999985,13.188910599999986,5.293203400000015
202511270905601472,3800.0,-10,5,32.42570850000001,32.03263220000004,56.759661200000025,23.802600200000008,17.107940399999983
202511270905601472,3800.0,-10,10,34.68423135,30.799517199999947,53.97941980000005,31.219287200000007,22.738701199999987
202511270905601472,3800.0,-5,-10,23.745791549999986,20.41056619999995,45.20377659999995,10.843733800000019,18.525089600000022
202511270905601472,3800.0,-5,-5,18.190722249999986,20.44502119999993,45.108410400000004,0.02133720000001628,7.188120200000003
202511270905601472,3800.0,-5,0,21.032953100000004,20.112730599999985,44.90298700000003,13.242482199999994,5.873612600000001
202511270905601472,3800.0,-5,5,26.5038548,20.25650999999998,44.78807240000001,24.181098799999972,16.78973800000001
202511270905601472,3800.0,-5,10,29.3333029,19.862522399999897,43.04190120000008,31.749762600000032,22.67902539999998
202511270905601472,3800.0,0,-10,17.524237699999997,8.09494420000001,32.8586464,11.04361399999998,18.099746200000006
202511270905601472,3800.0,0,-5,12.084920149999983,8.189533399999982,32.828223999999956,0.5492592000000058,6.7726639999999865
202511270905601472,3800.0,0,0,15.133271349999967,8.228358999999955,32.99077059999995,13.535729599999968,5.778226199999994
202511270905601472,3800.0,0,5,20.70427805000001,8.211772200000041,32.94157140000002,24.019382599999993,17.644385999999987
202511270905601472,3800.0,0,10,23.02303865,6.9269992,30.483843800000024,31.2735592,23.407752399999982
202511270905601472,3800.0,5,-10,13.464084749999984,1.2056669999999483,23.66653599999995,10.291320000000042,18.692815999999997
202511270905601472,3800.0,5,-5,7.999154799999997,0.8668036000000029,23.74031759999998,0.6391570000000228,6.75034099999998
202511270905601472,3800.0,5,0,11.035229750000003,1.2450011999999788,23.49076180000002,13.666213800000014,5.738942199999997
202511270905601472,3800.0,5,5,16.515337700000003,0.8024688000000424,23.67198739999999,24.651455000000013,16.935439599999974
202511270905601472,3800.0,5,10,19.66721085000004,0.0786840000000665,23.49320800000009,31.76908740000001,23.327863999999977
202511270905601472,3800.0,10,-10,13.423659250000004,8.597352599999976,16.243378399999983,10.06476560000001,18.789140400000043
202511270905601472,3800.0,10,-5,7.9224063500000055,8.065861200000018,16.513037799999985,0.6498504000000139,6.460876000000008
202511270905601472,3800.0,10,0,11.062204750000006,8.14331500000003,16.569837000000007,14.112394999999992,5.423271999999997
202511270905601472,3800.0,10,5,16.771442899999975,8.308613199999991,16.371868999999926,24.935611000000016,17.469678399999975
202511270905601472,3800.0,10,10,19.494189549999987,8.180147600000009,14.993024999999989,31.74380199999998,23.059783599999967
202511270905601473,3800.0,-10,-10,9.983143349999988,3.2476597999999965,23.866465800000014,1.3316301999999496,11.486817599999995
202511270905601473,3800.0,-10,-5,9.933368350000006,3.3055131999999956,23.342524399999977,12.428656400000023,0.6567794000000277
202511270905601473,3800.0,-10,0,15.631487949999997,3.1627709999999754,23.7742608,22.496245200000022,13.092674799999987
202511270905601473,3800.0,-10,5,21.68778985,3.281294600000001,23.3130418,36.36028920000001,23.7965338
202511270905601473,3800.0,-10,10,25.84747680000002,3.071911,23.377224200000022,47.192122800000014,29.748649200000045
202511270905601473,3800.0,-5,-10,8.20684789999999,9.783060599999999,10.481352799999991,1.0712513999999829,11.491726799999991
202511270905601473,3800.0,-5,-5,8.248305600000009,9.691797400000018,10.256724800000006,12.283470399999988,0.7612298000000237
202511270905601473,3800.0,-5,0,14.022317950000001,9.87144699999999,10.375432,22.97759940000001,12.864793400000007
202511270905601473,3800.0,-5,5,19.940954500000004,9.928159600000004,10.034602199999995,36.56886960000001,23.2321866
202511270905601473,3800.0,-5,10,24.230276350000004,10.043158399999971,9.940769400000022,47.63734640000005,29.29983119999997
202511270905601473,3800.0,0,-10,8.308835850000003,20.68862079999999,0.11099719999999702,0.9022876000000224,11.533437800000002
202511270905601473,3800.0,0,-5,8.402232349999997,20.08968599999996,0.20574800000001683,12.469478200000003,0.8440172000000075
202511270905601473,3800.0,0,0,14.355608249999994,21.01474380000004,0.43067959999998495,23.46105779999998,12.515951799999971
202511270905601473,3800.0,0,5,20.137254600000006,20.339772800000013,0.32120059999999734,36.287971800000015,23.600073199999997
202511270905601473,3800.0,0,10,24.408241849999985,20.33893939999998,0.33148679999997055,46.99395,29.96859119999999
202511270905601473,3800.0,5,-10,14.93277270000001,34.13848539999999,13.737286600000015,0.6015250000000151,11.253793800000016
202511270905601473,3800.0,5,-5,15.010409700000007,33.37652640000001,13.508255200000008,12.503033000000027,0.6538241999999854
202511270905601473,3800.0,5,0,21.133118200000013,34.184571600000005,13.799755600000026,23.406609200000027,13.141536399999996
202511270905601473,3800.0,5,5,26.93215399999999,33.738379399999985,13.82458719999995,36.676502400000025,23.489147000000003
202511270905601473,3800.0,5,10,31.719707349999986,34.235529399999976,14.178933599999983,48.93297379999999,29.531392600000004
202511270905601473,3800.0,10,-10,15.828331250000009,35.99416240000001,15.446643000000018,0.6293042000000242,11.243215399999986
202511270905601473,3800.0,10,-5,16.02581455,35.12327240000002,15.249906199999987,12.801303800000005,0.9287757999999939
202511270905601473,3800.0,10,0,22.164139250000012,36.33781460000002,15.787133800000015,23.8983338,12.633274800000004
202511270905601473,3800.0,10,5,27.756377650000008,35.451826600000004,15.4576368,36.65013660000002,23.465910600000008
202511270905601473,3800.0,10,10,32.461400749999996,35.88268239999998,15.611682199999995,47.82889260000004,30.52234579999997
202511270905601474,3800.0,-10,-10,55.48564850000001,75.53658560000001,89.3057538,29.931632000000036,27.168622599999992
202511270905601474,3800.0,-10,-5,49.45649455000001,75.20379759999999,88.55558380000002,16.20820560000002,17.858391200000007
202511270905601474,3800.0,-10,0,43.45337775,75.62068500000001,89.41237360000002,5.2049816000000195,3.5754707999999935
202511270905601474,3800.0,-10,5,44.728893000000014,75.4925142,89.13358540000002,6.076995600000009,8.212476800000013
202511270905601474,3800.0,-10,10,50.88410655,75.77230499999999,89.8363206,19.13760020000002,18.790200399999982
202511270905601474,3800.0,-5,-10,49.934042999999996,64.53067419999998,78.22166959999997,29.156933200000026,27.826895000000015
202511270905601474,3800.0,-5,-5,44.23359884999999,64.7210264,78.20564219999999,17.36932459999998,16.638402199999994
202511270905601474,3800.0,-5,0,38.07170545000001,65.08645440000002,78.66571300000001,4.774006200000008,3.7606481999999914
202511270905601474,3800.0,-5,5,39.27997425,64.48567940000002,78.01317419999998,7.075385399999982,7.545658000000026
202511270905601474,3800.0,-5,10,44.98886505000002,64.31533540000002,77.9937432,19.285049600000047,18.361332000000015
202511270905601474,3800.0,0,-10,43.36715615000001,51.46708440000002,65.23595240000002,29.055798200000005,27.709789599999986
202511270905601474,3800.0,0,-5,37.397414600000005,51.17273600000001,64.64958420000002,17.129487399999995,16.63785079999999
202511270905601474,3800.0,0,0,31.250543250000003,51.4293496,65.19585100000002,5.014589000000001,3.362383399999999
202511270905601474,3800.0,0,5,32.72007189999998,51.21072859999997,64.82877839999996,6.620676399999956,8.220104200000014
202511270905601474,3800.0,0,10,38.85001485,51.487624199999985,65.54448759999998,19.514513000000033,18.853434600000014
202511270905601474,3800.0,5,-10,37.758446950000014,40.390338200000016,54.059814600000024,28.88393719999999,27.699697800000003
202511270905601474,3800.0,5,-5,32.00211259999999,40.47133020000001,53.94219879999996,16.99380279999998,16.601118599999996
202511270905601474,3800.0,5,0,25.616729349999986,40.3098356,53.97174399999999,5.00131379999998,3.184023999999977
202511270905601474,3800.0,5,5,27.285657200000003,40.30003960000001,53.81313120000002,7.187684599999988,7.841773399999989
202511270905601474,3800.0,5,10,33.06956619999999,40.2484942,53.81797459999998,19.788838800000008,18.422957199999974
202511270905601474,3800.0,10,-10,31.185535499999986,27.309329400000003,41.05551419999999,28.910093999999958,27.46720439999998
202511270905601474,3800.0,10,-5,25.205263150000015,26.99673180000002,40.45947740000001,16.956029400000034,16.408813999999996
202511270905601474,3800.0,10,0,19.00222685000001,27.16862660000004,40.91781159999998,4.412192600000026,3.5102765999999974
202511270905601474,3800.0,10,5,20.7125395,27.00951,40.606305,6.8084333999999895,8.4259096
202511270905601474,3800.0,10,10,26.890829399999994,27.36005419999999,41.40606660000001,19.5276836,19.269513199999984
202511270905601475,3801.0,-10,-10,18.242714749999983,5.756482199999982,16.867729399999916,29.33783920000003,21.008808199999997
202511270905601475,3801.0,-10,-5,12.408794650000015,5.654999799999996,16.788293000000067,17.895328200000016,9.296557599999984
202511270905601475,3801.0,-10,0,6.983257900000001,5.183250400000043,16.34882639999996,4.3893210000000185,2.0116337999999816
202511270905601475,3801.0,-10,5,10.656187199999966,5.486634599999979,16.625382399999943,5.8472857999999635,14.665445999999974
202511270905601475,3801.0,-10,10,14.716079249999996,5.612255399999958,16.144365400000016,18.52251160000001,18.5851846
202511270905601475,3801.0,-5,-10,15.312417750000026,5.861895400000049,5.120308000000023,28.760008600000038,21.507458999999994
202511270905601475,3801.0,-5,-5,9.56469674999994,5.930337999999892,5.260892999999896,17.688481000000024,9.379074999999943
202511270905601475,3801.0,-5,0,4.417500249999978,6.151048799999944,4.893404399999963,4.437204399999996,2.188343400000008
202511270905601475,3801.0,-5,5,7.838287600000018,6.08102200000003,4.769797800000015,6.219074400000022,14.283256200000006
202511270905601475,3801.0,-5,10,11.861252200000006,7.1714112000000565,3.2116619999999783,18.4974786,18.564456999999994
202511270905601475,3801.0,0,-10,18.812388500000015,18.029104200000027,7.109361799999988,28.62748400000005,21.483603999999993
202511270905601475,3801.0,0,-5,13.11178345,18.39446819999998,7.2044942000000445,17.69442999999999,9.15374139999999
202511270905601475,3801.0,0,0,8.225671450000027,18.54727360000006,7.429956399999992,4.480210000000033,2.445245800000021
202511270905601475,3801.0,0,5,11.648462349999999,18.531246999999986,7.4313918000000285,6.145732399999952,14.485478200000035
202511270905601475,3801.0,0,10,15.178905999999973,17.037250199999924,7.823831399999972,18.661185999999997,17.193356399999992
202511270905601475,3801.0,5,-10,21.721410050000003,23.881535600000007,12.971960799999987,28.47015620000002,21.5619876
202511270905601475,3801.0,5,-5,16.1438531,24.61507580000002,13.37639519999998,17.84535380000002,8.738587599999983
202511270905601475,3801.0,5,0,11.02671435000001,24.295550599999935,13.26276880000005,4.253971400000023,2.29456660000003
202511270905601475,3801.0,5,5,14.634068650000007,24.048135600000023,13.23719460000002,6.365574599999991,14.885369799999989
202511270905601475,3801.0,5,10,16.671640050000015,20.281959400000005,12.506666200000064,18.075887999999985,15.822046599999998
202511270905601475,3801.0,10,-10,22.156140350000005,24.412913600000046,13.386420599999928,28.50844760000002,22.316779600000018
202511270905601475,3801.0,10,-5,16.291364400000013,24.898403400000007,13.671977600000082,17.756387399999994,8.838689199999976
202511270905601475,3801.0,10,0,11.2896278,25.04515500000007,13.81764019999996,4.39933619999997,1.8963797999999996
202511270905601475,3801.0,10,5,14.818366000000026,24.56180100000006,13.577111000000063,6.126776999999947,15.007775000000038
202511270905601475,3801.0,10,10,16.63518150000001,20.224667599999975,12.450375400000077,17.862713599999985,16.002969400000005
202511270905601476,3801.0,-10,-10,35.290618699999975,38.84945939999998,51.81995839999995,10.073067800000013,40.41998919999997
202511270905601476,3801.0,-10,-5,30.71520650000005,39.57929800000011,52.26625600000011,1.9001919999999477,29.115080000000034
202511270905601476,3801.0,-10,0,30.007255050000005,38.72372280000004,51.68599379999996,13.885423000000014,15.733880599999997
202511270905601476,3801.0,-10,5,30.93135405,39.61332380000003,52.24093119999998,26.487525199999983,5.383636000000001
202511270905601476,3801.0,-10,10,34.861558799999976,40.11824839999999,53.085742799999935,37.5926152,8.649628799999983
202511270905601476,3801.0,-5,-10,29.488599050000005,27.343581399999994,40.2923992,10.055037200000015,40.26337840000001
202511270905601476,3801.0,-5,-5,24.827553849999987,27.791235400000005,40.45929479999995,2.019931599999995,29.039753599999994
202511270905601476,3801.0,-5,0,23.85501934999997,26.27970580000001,39.22405959999991,14.140757599999983,15.775554399999965
202511270905601476,3801.0,-5,5,23.937032450000014,25.946567800000004,38.55301300000001,26.30427020000004,4.944278800000006
202511270905601476,3801.0,-5,10,27.960386000000018,26.32591419999999,39.21593100000005,37.48255120000003,8.817147599999998
202511270905601476,3801.0,0,-10,23.054715850000015,14.608024400000023,27.533005600000024,9.980713000000014,40.097120399999994
202511270905601476,3801.0,0,-5,18.482814999999995,14.546566399999984,27.4699384,2.55500219999999,29.359753
202511270905601476,3801.0,0,0,17.887663749999994,14.372797599999966,27.294293200000038,14.228007800000023,15.655556399999956
202511270905601476,3801.0,0,5,19.1492754,15.733563000000004,28.605071399999996,26.88702159999998,5.3714456000000155
202511270905601476,3801.0,0,10,22.511752,15.336696000000074,28.220800999999938,38.10826199999997,8.381249000000025
202511270905601476,3801.0,5,-10,17.28996865000001,3.173165999999992,16.07536200000004,10.001166400000011,39.91018019999999
202511270905601476,3801.0,5,-5,12.64706754999998,2.84215379999996,15.7484512,2.7231167999999797,29.27454839999998
202511270905601476,3801.0,5,0,11.708598749999991,1.9311199999999644,14.831840000000057,14.423811,15.64762399999995
202511270905601476,3801.0,5,5,12.33424599999999,1.9407517999999981,14.795339999999987,27.214908999999988,5.385983199999987
202511270905601476,3801.0,5,10,15.837438849999995,1.9226594000000206,14.765565799999967,37.69712460000001,8.964405599999987
202511270905601476,3801.0,10,-10,15.637042849999995,9.460019199999987,3.4226826000000075,9.794245,39.871224599999984
202511270905601476,3801.0,10,-5,11.307529799999992,9.597900200000003,3.2883287999999995,3.0146025999999666,29.329287599999997
202511270905601476,3801.0,10,0,10.769277099999982,9.699272399999973,3.1785665999999764,14.589576999999986,15.609692399999995
202511270905601476,3801.0,10,5,11.476727900000016,8.605981199999997,4.1449408000000405,27.49380259999998,5.66218700000004
202511270905601476,3801.0,10,10,14.93795929999997,8.65832519999999,4.222652599999947,38.01555919999997,8.855300199999988
202511270905601477,1138.0,-10,-10,52.675372349999996,65.56947960000002,80.51378999999993,37.525717599999986,27.092502200000034
202511270905601477,1138.0,-10,-5,45.745377549999986,51.84998019999998,66.78705479999999,38.13002180000001,26.21445339999998
202511270905601477,1138.0,-10,0,36.0423847,32.57544159999998,47.432041600000005,37.98297460000001,26.179080999999996
202511270905601477,1138.0,-10,5,28.446505450000007,17.464075200000025,32.414270599999966,37.344929200000024,26.562746800000014
202511270905601477,1138.0,-10,10,19.66256424999997,2.641978999999992,12.305740999999898,36.81178,26.890757000000008
202511270905601477,1138.0,-5,-10,45.06674114999997,67.11859419999996,82.18957319999996,22.655427399999986,8.303369799999974
202511270905601477,1138.0,-5,-5,37.36353025000002,51.85628720000009,66.94078100000002,22.734419000000003,7.922633799999971
202511270905601477,1138.0,-5,0,27.861794950000018,32.93687020000002,48.00927940000006,21.84676219999999,8.654268000000002
202511270905601477,1138.0,-5,5,20.014224900000006,17.369278599999962,32.46856760000001,21.948323800000047,8.270729600000005
202511270905601477,1138.0,-5,10,11.462101850000021,0.28979100000005925,15.190687000000025,23.043806399999994,7.324123000000009
202511270905601477,1138.0,0,-10,41.10334700000001,68.35487980000002,83.25063440000004,5.6811809999999925,7.126692799999978
202511270905601477,1138.0,0,-5,32.38867520000001,51.344364399999996,66.24644340000005,5.153687999999988,6.810204999999996
202511270905601477,1138.0,0,0,24.138290499999982,34.49428379999999,49.379402999999954,5.378397600000016,7.301077599999962
202511270905601477,1138.0,0,5,15.580911799999978,17.60426659999998,32.49532119999994,5.03991080000003,7.184148599999958
202511270905601477,1138.0,0,10,7.020351050000011,0.46500739999996765,15.340072000000054,4.944565200000011,7.33175960000001
202511270905601477,1138.0,5,-10,47.05665130000001,68.73332759999998,83.22876340000008,11.175366999999982,25.089147199999978
202511270905601477,1138.0,5,-5,38.93199539999998,51.982696799999985,67.03414779999999,10.317211999999973,26.393924999999967
202511270905601477,1138.0,5,0,29.962452099999986,34.1007106,48.98828539999995,11.424622199999998,25.336190199999987
202511270905601477,1138.0,5,5,21.763407700000034,17.436895000000096,32.49867180000001,11.464799400000015,25.65326460000001
202511270905601477,1138.0,5,10,13.546666749999991,1.2631940000000212,16.001361399999997,10.226305799999954,26.695805799999995
202511270905601477,1138.0,10,-10,54.77876555,69.11587059999997,83.17708540000008,27.10679319999997,39.715313000000016
202511270905601477,1138.0,10,-5,46.315420249999974,51.68753659999997,66.44787079999996,26.85664859999997,40.269625
202511270905601477,1138.0,10,0,38.16517674999994,35.6730399999999,49.675322999999935,26.98434599999996,40.32799799999998
202511270905601477,1138.0,10,5,29.40593285000001,17.67003840000002,32.385076000000026,27.495201999999995,40.073415
202511270905601477,1138.0,10,10,21.0868856,1.0323107999999592,15.365225800000008,27.74949160000001,40.20051420000002
202511270905601478,1155.0,-10,-10,52.95844365000001,60.107916600000046,76.93150499999997,35.14687219999998,39.64748080000002
202511270905601478,1155.0,-10,-5,45.10274755000001,54.582353199999986,71.54831480000003,25.951151200000005,28.32917100000002
202511270905601478,1155.0,-10,0,36.08574909999997,46.63492080000001,63.431485199999905,15.10442059999998,19.172169800000006
202511270905601478,1155.0,-10,5,28.303416750000007,41.09665100000002,57.86232280000004,5.3014858,8.953207399999974
202511270905601478,1155.0,-10,10,21.688402950000004,32.31954959999998,49.13183979999999,5.18843360000003,0.11378880000002023
202511270905601478,1155.0,-5,-10,44.485783500000004,49.94831399999994,66.76522880000007,26.997480399999972,34.23211080000001
202511270905601478,1155.0,-5,-5,36.52774324999998,44.314364599999955,61.129248399999916,17.81485280000002,22.852507200000037
202511270905601478,1155.0,-5,0,27.582413700000007,36.41648639999998,53.21242780000002,6.939026200000012,13.761714400000006
202511270905601478,1155.0,-5,5,21.11630420000002,30.705432400000017,47.47489700000001,2.8122446000000307,3.472642800000017
202511270905601478,1155.0,-5,10,20.292936799999968,22.86483279999993,39.60724139999998,13.15844479999996,5.541228200000001
202511270905601478,1155.0,0,-10,35.9828836,39.73420000000001,56.54775119999999,21.419412199999964,26.23017100000004
202511270905601478,1155.0,0,-5,28.093464500000028,34.14012400000011,51.099861799999964,12.003302800000005,15.130569400000036
202511270905601478,1155.0,0,0,19.09851930000002,26.24039300000004,43.033530800000065,1.189753400000018,5.930399999999963
202511270905601478,1155.0,0,5,17.81925849999999,20.802072599999974,37.556659800000034,8.327494999999976,4.590806599999974
202511270905601478,1155.0,0,10,18.28627609999997,12.032034199999998,28.829084199999944,18.71356199999998,13.570423999999957
202511270905601478,1155.0,5,-10,27.52849674999996,29.614479999999965,46.41737199999989,13.41798300000005,20.664151999999945
202511270905601478,1155.0,5,-5,19.449290550000008,23.741802400000005,40.558959800000046,3.755487199999993,9.740912799999979
202511270905601478,1155.0,5,0,13.986001300000009,16.077348200000007,32.86717519999998,6.728911800000037,0.27057000000002057
202511270905601478,1155.0,5,5,16.08500575,10.527747200000022,27.282748999999967,16.165106399999992,10.364420400000018
202511270905601478,1155.0,5,10,16.909932750000024,2.5098760000000766,19.243097000000034,26.89000699999997,18.996751000000017
202511270905601478,1155.0,10,-10,19.0342839,19.421855000000004,36.22041099999992,7.780065400000035,12.714804200000028
202511270905601478,1155.0,10,-5,11.939424400000002,14.045552999999973,30.976390400000035,1.376143000000002,1.359611199999995
202511270905601478,1155.0,10,0,12.238519400000007,6.062669800000049,22.843116199999987,11.936421199999995,8.111870399999997
202511270905601478,1155.0,10,5,14.428462700000017,0.40863439999998263,17.156963200000064,21.541730399999985,18.606522800000043
202511270905601478,1155.0,10,10,19.0641981,8.295656399999917,8.49016040000006,32.286593400000015,27.18438220000001
202511271034602746,1102.0,-10,-10,62.10108794999998,80.20694599999999,89.34050319999999,26.741692199999967,52.11521039999995
202511271034602746,1102.0,-10,-5,53.93532590000001,80.56081100000002,89.75559240000003,10.024011599999994,35.40088860000001
202511271034602746,1102.0,-10,0,48.71001919999997,80.01427999999996,89.06987999999997,6.909090399999945,18.84682640000001
202511271034602746,1102.0,-10,5,48.55153885,80.1578774,89.24676020000001,22.622548799999983,2.1789690000000066
202511271034602746,1102.0,-10,10,54.36409365000001,80.68768999999998,89.50993200000005,31.895914599999948,15.36283800000001
202511271034602746,1102.0,-5,-10,53.689175350000006,63.34282679999999,72.69203460000003,27.15198560000001,51.56985439999998
202511271034602746,1102.0,-5,-5,45.68207475000001,63.478123600000025,72.82800119999999,11.41235200000001,35.00982220000003
202511271034602746,1102.0,-5,0,40.23396139999999,63.16501600000004,72.29135799999995,6.841213000000039,18.63825859999995
202511271034602746,1102.0,-5,5,40.16100139999999,64.20957420000002,73.26947599999997,21.292782199999987,1.872173199999997
202511271034602746,1102.0,-5,10,46.11350305000001,64.08889719999998,73.10568800000001,32.23334300000003,15.026084000000036
202511271034602746,1102.0,0,-10,45.3577423,46.8852922,56.04781599999999,26.63933219999999,51.8585288
202511271034602746,1102.0,0,-5,37.11890120000001,46.50207300000004,55.75243879999998,10.559841199999983,35.66125180000004
202511271034602746,1102.0,0,0,32.138574199999994,46.73848959999996,55.88447000000001,7.178777400000013,18.752559799999993
202511271034602746,1102.0,0,5,31.56084875000002,46.044335000000046,55.19698800000003,22.319428000000016,2.682643999999982
202511271034602746,1102.0,0,10,37.62601725000002,47.07036500000004,56.019731999999976,32.24705600000004,15.166916000000018
202511271034602746,1102.0,5,-10,36.61728649999998,29.465859000000023,38.75595999999996,26.52190399999995,51.72542299999998
202511271034602746,1102.0,5,-5,28.619236199999982,29.673820999999997,38.95833259999997,10.93490879999997,34.909882399999994
202511271034602746,1102.0,5,0,23.53612125000001,29.26718680000001,38.35057460000003,7.600659199999972,18.92606440000002
202511271034602746,1102.0,5,5,22.938478699999973,30.618704999999977,39.77864099999999,21.071972799999962,0.284595999999965
202511271034602746,1102.0,5,10,29.338343450000007,30.382206600000018,39.34792039999998,32.22763520000003,15.395611600000006
202511271034602746,1102.0,10,-10,28.28556950000001,12.988204999999994,22.109276000000023,26.160799000000004,51.88399800000002
202511271034602746,1102.0,10,-5,20.20611434999999,12.980523199999993,22.225772800000005,11.140257999999994,34.47790339999997
202511271034602746,1102.0,10,0,15.162810600000018,13.041197599999986,22.128415200000042,7.187708799999996,18.293920800000045
202511271034602746,1102.0,10,5,14.403912750000012,12.71593519999999,21.948834199999986,21.97398480000004,0.9768968000000313
202511271034602746,1102.0,10,10,20.776560499999977,13.218449799999963,22.128546399999983,32.60212679999999,15.157118999999962
