Schedule_ID,P1-P2,P3-P4,P5-P6,P7-P8
202511201026498851,154,145,981,965 
202511201026498852,908,887,1008,1111 
202511201026498853,354,349,626,601 
202511201026498854,1020,1010,738,827 
202511201026498856,247,238,1042,900 
202511201026498857,786,775,1007,1028 
202511201026498858,921,910,850,870 
202511201026498859,798,788,1000,1114 
202511201026498860,739,728,1030,1004 
202511201026498861,879,868,861,870 
202511201026498862,830,820,901,930 
202511201026498863,422,416,917,794 
202511270905601472,1080,1068,607,584 
202511270905601473,499,490,624,559 
202511270905601474,516,506,692,527 
202511270905601475,959,949,688,542 
202511270905601476,830,812,991,980 
202511270905601477,1039,1043,716,654 
202511270905601478,1016,1020,731,642 
202511271034602746,374,358,863,877 

